{"entities":{"pages":{"api-docs":{"id":"api-docs","title":"API Overview","url":"api-docs.html","level":0,"tabIndex":0},"Instalation":{"id":"Instalation","title":"Installation","url":"instalation.html","level":0,"tabIndex":1},"Providers":{"id":"Providers","title":"Providers","url":"providers.html","level":0,"pages":["Configuration","Azure-Search"],"tabIndex":2},"Configuration":{"id":"Configuration","title":"Elasticsearch","url":"configuration.html","level":1,"parentId":"Providers","tabIndex":0},"Azure-Search":{"id":"Azure-Search","title":"Azure Search","url":"azure-search.html","level":1,"parentId":"Providers","tabIndex":1},"Additional-Extensions":{"id":"Additional-Extensions","title":"Additional Extensions","url":"additional-extensions.html","level":0,"tabIndex":3},"Forms-Provider":{"id":"Forms-Provider","title":"Forms Provider","url":"forms-provider.html","level":0,"tabIndex":4}}},"topLevelIds":["api-docs","Instalation","Providers","Additional-Extensions","Forms-Provider"]}